what,kind,bundleId,bundleVersion,description,time
deactivated,workbench,org.eclipse.ui.workbench,3.6.0.I20100603-1100,"",1295900516870
executed,command,org.eclipse.ui,3.6.0.I20100603-1100,"org.eclipse.ui.file.properties",1295900536425
activated,workbench,org.eclipse.ui.workbench,3.6.0.I20100603-1100,"",1295900536447
deactivated,workbench,org.eclipse.ui.workbench,3.6.0.I20100603-1100,"",1295900539108
activated,workbench,org.eclipse.ui.workbench,3.6.0.I20100603-1100,"",1295900558473
activated,editor,org.eclipse.jdt.ui,3.6.0.v20100602-1600,"org.eclipse.jdt.ui.CompilationUnitEditor",1295900559091
activated,view,org.eclipse.jdt.ui,3.6.0.v20100602-1600,"org.eclipse.jdt.ui.PackageExplorer",1295900564492
deactivated,workbench,org.eclipse.ui.workbench,3.6.0.I20100603-1100,"",1295900566285
executed,command,org.eclipse.ui,3.6.0.I20100603-1100,"org.eclipse.ui.file.properties",1295900570256
activated,workbench,org.eclipse.ui.workbench,3.6.0.I20100603-1100,"",1295900570270
deactivated,workbench,org.eclipse.ui.workbench,3.6.0.I20100603-1100,"",1295900574051
started,bundle,org.eclipse.wst.common.project.facet.ui,1.4.100.v201005190114,"org.eclipse.wst.common.project.facet.ui",1295900578774
started,bundle,org.eclipse.debug.ui,3.6.0.v20100601-1530,"org.eclipse.debug.ui",1295900580511
started,bundle,org.eclipse.wst.validation.ui,1.2.204.v201004150700,"org.eclipse.wst.validation.ui",1295900622333
started,bundle,org.eclipse.wst.wsi.ui,1.0.501.v201004201506,"org.eclipse.wst.wsi.ui",1295900622388
executed,command,org.eclipse.ui,3.6.0.I20100603-1100,"org.eclipse.ui.file.properties",1295900632817
activated,workbench,org.eclipse.ui.workbench,3.6.0.I20100603-1100,"",1295900632831
started,bundle,org.eclipse.jdt.debug,3.6.0.v20100526,"org.eclipse.jdt.debug",1295900633959
started,bundle,org.eclipse.jdt.debug.ui,3.5.0.v20100602-0830,"org.eclipse.jdt.debug.ui",1295900634013
activated,editor,org.eclipse.jdt.ui,3.6.0.v20100602-1600,"org.eclipse.jdt.ui.CompilationUnitEditor",1295900634025
deactivated,workbench,org.eclipse.ui.workbench,3.6.0.I20100603-1100,"",1295900643599
activated,workbench,org.eclipse.ui.workbench,3.6.0.I20100603-1100,"",1295900646780
deactivated,workbench,org.eclipse.ui.workbench,3.6.0.I20100603-1100,"",1295900672222
activated,workbench,org.eclipse.ui.workbench,3.6.0.I20100603-1100,"",1295900697659
deactivated,workbench,org.eclipse.ui.workbench,3.6.0.I20100603-1100,"",1295900699783
activated,workbench,org.eclipse.ui.workbench,3.6.0.I20100603-1100,"",1295900720853
activated,view,org.eclipse.jdt.ui,3.6.0.v20100602-1600,"org.eclipse.jdt.ui.PackageExplorer",1295900722916
deactivated,workbench,org.eclipse.ui.workbench,3.6.0.I20100603-1100,"",1295900725295
activated,workbench,org.eclipse.ui.workbench,3.6.0.I20100603-1100,"",1295900801688
opened,editor,org.eclipse.jdt.ui,3.6.0.v20100602-1600,"org.eclipse.jdt.ui.CompilationUnitEditor",1295900802129
activated,editor,org.eclipse.jdt.ui,3.6.0.v20100602-1600,"org.eclipse.jdt.ui.CompilationUnitEditor",1295900802224
deactivated,workbench,org.eclipse.ui.workbench,3.6.0.I20100603-1100,"",1295900806126
activated,workbench,org.eclipse.ui.workbench,3.6.0.I20100603-1100,"",1295900815643
executed,command,org.eclipse.ui.workbench.texteditor,3.6.0.v20100520-0800,"org.eclipse.ui.edit.text.goto.lineEnd",1295900840466
executed,command,org.eclipse.ui,3.6.0.I20100603-1100,"org.eclipse.ui.file.save",1295900857012
deactivated,workbench,org.eclipse.ui.workbench,3.6.0.I20100603-1100,"",1295900862960
executed,command,org.eclipse.jdt.ui,3.6.0.v20100602-1600,"org.eclipse.jdt.ui.edit.text.java.create.getter.setter",1295900867385
activated,workbench,org.eclipse.ui.workbench,3.6.0.I20100603-1100,"",1295900867404
executed,command,org.eclipse.ui.workbench.texteditor,3.6.0.v20100520-0800,"org.eclipse.ui.edit.text.goto.lineStart",1295900871014
executed,command,org.eclipse.ui,3.6.0.I20100603-1100,"org.eclipse.ui.edit.delete",1295900872728
executed,command,org.eclipse.ui,3.6.0.I20100603-1100,"org.eclipse.ui.edit.delete",1295900873798
executed,command,org.eclipse.ui,3.6.0.I20100603-1100,"org.eclipse.ui.file.save",1295900875270
activated,view,org.eclipse.jdt.ui,3.6.0.v20100602-1600,"org.eclipse.jdt.ui.PackageExplorer",1295900877319
deactivated,workbench,org.eclipse.ui.workbench,3.6.0.I20100603-1100,"",1295900888998
executed,command,org.eclipse.ui,3.6.0.I20100603-1100,"org.eclipse.ui.file.properties",1295901064695
activated,workbench,org.eclipse.ui.workbench,3.6.0.I20100603-1100,"",1295901064709
activated,editor,org.eclipse.jdt.ui,3.6.0.v20100602-1600,"org.eclipse.jdt.ui.CompilationUnitEditor",1295901066601
executed,command,org.eclipse.ui,3.6.0.I20100603-1100,"org.eclipse.ui.file.save",1295901071635
executed,command,org.eclipse.ui,3.6.0.I20100603-1100,"org.eclipse.ui.edit.selectAll",1295901075527
executed,command,org.eclipse.ui,3.6.0.I20100603-1100,"org.eclipse.ui.edit.copy",1295901078605
deactivated,workbench,org.eclipse.ui.workbench,3.6.0.I20100603-1100,"",1295901081943
activated,workbench,org.eclipse.ui.workbench,3.6.0.I20100603-1100,"",1295901233914
deactivated,workbench,org.eclipse.ui.workbench,3.6.0.I20100603-1100,"",1295901238776
activated,workbench,org.eclipse.ui.workbench,3.6.0.I20100603-1100,"",1295901459069
activated,view,org.eclipse.jdt.ui,3.6.0.v20100602-1600,"org.eclipse.jdt.ui.PackageExplorer",1295901461095
deactivated,workbench,org.eclipse.ui.workbench,3.6.0.I20100603-1100,"",1295901466957
executed,command,org.eclipse.ui,3.6.0.I20100603-1100,"org.eclipse.ui.edit.paste",1295901516338
activated,workbench,org.eclipse.ui.workbench,3.6.0.I20100603-1100,"",1295901518198
activated,editor,org.eclipse.jdt.ui,3.6.0.v20100602-1600,"org.eclipse.jdt.ui.CompilationUnitEditor",1295901520887
activated,view,org.eclipse.jdt.ui,3.6.0.v20100602-1600,"org.eclipse.jdt.ui.PackageExplorer",1295901522241
deactivated,workbench,org.eclipse.ui.workbench,3.6.0.I20100603-1100,"",1295901532432
activated,workbench,org.eclipse.ui.workbench,3.6.0.I20100603-1100,"",1295901556515
opened,editor,org.eclipse.jdt.ui,3.6.0.v20100602-1600,"org.eclipse.jdt.ui.CompilationUnitEditor",1295901556625
activated,editor,org.eclipse.jdt.ui,3.6.0.v20100602-1600,"org.eclipse.jdt.ui.CompilationUnitEditor",1295901556719
executed,command,org.eclipse.ui.workbench.texteditor,3.6.0.v20100520-0800,"org.eclipse.ui.edit.text.goto.lineEnd",1295901594554
executed,command,org.eclipse.ui,3.6.0.I20100603-1100,"org.eclipse.ui.file.save",1295901614392
deactivated,workbench,org.eclipse.ui.workbench,3.6.0.I20100603-1100,"",1295901621679
activated,workbench,org.eclipse.ui.workbench,3.6.0.I20100603-1100,"",1295901633205
activated,view,org.eclipse.jdt.ui,3.6.0.v20100602-1600,"org.eclipse.jdt.ui.PackageExplorer",1295901637937
deactivated,workbench,org.eclipse.ui.workbench,3.6.0.I20100603-1100,"",1295901642468
activated,workbench,org.eclipse.ui.workbench,3.6.0.I20100603-1100,"",1295901742940
opened,editor,org.eclipse.jdt.ui,3.6.0.v20100602-1600,"org.eclipse.jdt.ui.CompilationUnitEditor",1295901743042
activated,editor,org.eclipse.jdt.ui,3.6.0.v20100602-1600,"org.eclipse.jdt.ui.CompilationUnitEditor",1295901743156
activated,view,org.eclipse.jdt.ui,3.6.0.v20100602-1600,"org.eclipse.jdt.ui.PackageExplorer",1295901752686
executed,command,org.eclipse.ui,3.6.0.I20100603-1100,"org.eclipse.ui.edit.copy",1295901756322
deactivated,workbench,org.eclipse.ui.workbench,3.6.0.I20100603-1100,"",1295901758711
executed,command,org.eclipse.ui,3.6.0.I20100603-1100,"org.eclipse.ui.edit.paste",1295901772283
activated,workbench,org.eclipse.ui.workbench,3.6.0.I20100603-1100,"",1295901772299
opened,editor,org.eclipse.jdt.ui,3.6.0.v20100602-1600,"org.eclipse.jdt.ui.CompilationUnitEditor",1295901777165
activated,editor,org.eclipse.jdt.ui,3.6.0.v20100602-1600,"org.eclipse.jdt.ui.CompilationUnitEditor",1295901777255
activated,view,org.eclipse.jdt.ui,3.6.0.v20100602-1600,"org.eclipse.jdt.ui.PackageExplorer",1295901777278
executed,command,org.eclipse.ui,3.6.0.I20100603-1100,"org.eclipse.ui.edit.copy",1295901781607
deactivated,workbench,org.eclipse.ui.workbench,3.6.0.I20100603-1100,"",1295901784039
executed,command,org.eclipse.ui,3.6.0.I20100603-1100,"org.eclipse.ui.edit.paste",1295901793537
activated,workbench,org.eclipse.ui.workbench,3.6.0.I20100603-1100,"",1295901793551
deactivated,workbench,org.eclipse.ui.workbench,3.6.0.I20100603-1100,"",1295901806126
activated,workbench,org.eclipse.ui.workbench,3.6.0.I20100603-1100,"",1295903070042
deactivated,workbench,org.eclipse.ui.workbench,3.6.0.I20100603-1100,"",1295903071462
started,bundle,org.eclipse.wst.jsdt.debug.core,1.0.0.v201006082045,"org.eclipse.wst.jsdt.debug.core",1295903072778
closed,workbench,org.eclipse.ui.workbench,3.6.0.I20100603-1100,"",1295903072945
stopped,bundle,org.eclipse.jst.j2ee.xdoclet.runtime,1.1.300.v201004280700,"org.eclipse.jst.j2ee.xdoclet.runtime",1295903073602
stopped,bundle,org.eclipse.jst.j2ee.ejb.annotations.xdoclet,1.2.100.v201003112036,"org.eclipse.jst.j2ee.ejb.annotations.xdoclet",1295903073602
stopped,bundle,org.eclipse.jst.server.generic.jboss,1.6.1.v200904151730,"org.eclipse.jst.server.generic.jboss",1295903073610
stopped,bundle,org.eclipse.jst.server.generic.jonas,1.5.205.v200805140145,"org.eclipse.jst.server.generic.jonas",1295903073614
stopped,bundle,org.eclipse.jst.server.generic.oc4j,1.5.206.v20090812,"org.eclipse.jst.server.generic.oc4j",1295903073619
stopped,bundle,org.eclipse.jst.server.websphere.core,1.0.302.v20080620,"org.eclipse.jst.server.websphere.core",1295903073624
stopped,bundle,org.eclipse.jst.server.generic.ui,1.0.505.v20100428,"org.eclipse.jst.server.generic.ui",1295903073624
stopped,bundle,org.eclipse.jst.server.generic.core,1.0.606.v20100512,"org.eclipse.jst.server.generic.core",1295903073624
stopped,bundle,org.eclipse.mylyn.ide.ant,3.4.0.v20100608-0100-e3x,"org.eclipse.mylyn.ide.ant",1295903073625
stopped,bundle,org.eclipse.datatools.connectivity.oda.template.ui,3.2.1.v201004090942,"org.eclipse.datatools.connectivity.oda.template.ui",1295903073625
stopped,bundle,org.eclipse.pde.api.tools.ui,1.0.200.v20100601-1815,"org.eclipse.pde.api.tools.ui",1295903073626
stopped,bundle,org.eclipse.pde.ds.ui,1.0.100.v20100601,"org.eclipse.pde.ds.ui",1295903073626
stopped,bundle,org.eclipse.pde.runtime,3.4.200.v20100601,"org.eclipse.pde.runtime",1295903073627
stopped,bundle,org.eclipse.pde.ua.ui,1.0.100.v20100504,"org.eclipse.pde.ua.ui",1295903073627
stopped,bundle,org.eclipse.pde.ui.templates,3.4.200.v20100601,"org.eclipse.pde.ui.templates",1295903073628
stopped,bundle,org.eclipse.pde.ui,3.6.0.v20100601,"org.eclipse.pde.ui",1295903073628
stopped,bundle,org.eclipse.ant.ui,3.5.0.v20100427,"org.eclipse.ant.ui",1295903073629
stopped,bundle,org.eclipse.ant.launching,1.0.0.v20100427,"org.eclipse.ant.launching",1295903073629
stopped,bundle,org.eclipse.equinox.p2.ui.sdk,1.0.100.v20100513,"org.eclipse.equinox.p2.ui.sdk",1295903073629
stopped,bundle,org.eclipse.jst.server.tomcat.ui,1.1.200.v20100418,"org.eclipse.jst.server.tomcat.ui",1295903073630
stopped,bundle,org.eclipse.jst.server.ui,1.1.100.v20100511,"org.eclipse.jst.server.ui",1295903073630
stopped,bundle,org.eclipse.mylyn.java.tasks,3.4.0.v20100608-0100-e3x,"org.eclipse.mylyn.java.tasks",1295903073631
stopped,bundle,org.eclipse.mylyn.java.ui,3.4.0.v20100608-0100-e3x,"org.eclipse.mylyn.java.ui",1295903073631
stopped,bundle,org.eclipse.jdt.junit,3.6.0.v20100526-0800,"org.eclipse.jdt.junit",1295903073631
stopped,bundle,com.sysdeo.eclipse.tomcat,3.2.1,"com.sysdeo.eclipse.tomcat",1295903073648
stopped,bundle,org.eclipse.jpt.eclipselink.ui,1.3.0.v201004280001,"org.eclipse.jpt.eclipselink.ui",1295903073649
stopped,bundle,org.eclipse.jpt.eclipselink.core,1.3.0.v201005250000,"org.eclipse.jpt.eclipselink.core",1295903073650
stopped,bundle,org.eclipse.jpt.jaxb.ui,1.0.0.v201006070001,"org.eclipse.jpt.jaxb.ui",1295903073650
stopped,bundle,org.eclipse.jpt.ui,2.3.0.v201005190001,"org.eclipse.jpt.ui",1295903073651
stopped,bundle,org.eclipse.jpt.core,2.3.0.v201006020000,"org.eclipse.jpt.core",1295903073651
stopped,bundle,org.eclipse.jpt.db,1.2.200.v201004290000,"org.eclipse.jpt.db",1295903073652
stopped,bundle,org.eclipse.datatools.enablement.jdt.classpath,1.0.1.v201004070709,"org.eclipse.datatools.enablement.jdt.classpath",1295903073652
stopped,bundle,org.eclipse.jdt.apt.ui,3.3.300.v20100513-0845,"org.eclipse.jdt.apt.ui",1295903073652
stopped,bundle,org.eclipse.datatools.enablement.sybase.asa.schemaobjecteditor.examples,2.5.0.200810071,"org.eclipse.datatools.enablement.sybase.asa.schemaobjecteditor.examples",1295903073653
stopped,bundle,org.eclipse.datatools.sqltools.debugger.core.ui,1.0.0.v201003161000,"org.eclipse.datatools.sqltools.debugger.core.ui",1295903073654
stopped,bundle,org.eclipse.jst.server.preview.adapter,1.1.100.v20100308,"org.eclipse.jst.server.preview.adapter",1295903073654
stopped,bundle,org.eclipse.wst.xsl.jaxp.debug.ui,1.0.100.v201004290328,"org.eclipse.wst.xsl.jaxp.debug.ui",1295903073655
stopped,bundle,org.eclipse.jdt.debug.ui,3.5.0.v20100602-0830,"org.eclipse.jdt.debug.ui",1295903073655
stopped,bundle,org.eclipse.jst.common.annotations.ui,1.1.300.v201002081900,"org.eclipse.jst.common.annotations.ui",1295903073655
stopped,bundle,org.eclipse.jst.j2ee.ejb.annotations.ui,1.1.200.v201004290730,"org.eclipse.jst.j2ee.ejb.annotations.ui",1295903073656
stopped,bundle,org.eclipse.jst.ejb.ui,1.1.500.v201004280901,"org.eclipse.jst.ejb.ui",1295903073656
stopped,bundle,org.eclipse.jst.ws.axis.creation.ui,1.0.506.v201004211805,"org.eclipse.jst.ws.axis.creation.ui",1295903073657
stopped,bundle,org.eclipse.jst.ws.axis.consumption.ui,1.0.505.v201004211805,"org.eclipse.jst.ws.axis.consumption.ui",1295903073657
stopped,bundle,org.eclipse.jst.ws.axis2.creation.ui,1.0.104.v201004211805,"org.eclipse.jst.ws.axis2.creation.ui",1295903073657
stopped,bundle,org.eclipse.jst.ws.axis2.consumption.ui,1.0.103.v201004211805,"org.eclipse.jst.ws.axis2.consumption.ui",1295903073658
stopped,bundle,org.eclipse.jst.ws.axis2.creation.core,1.0.106.v201004211805,"org.eclipse.jst.ws.axis2.creation.core",1295903073658
stopped,bundle,org.eclipse.jst.ws.axis2.consumption.core,1.0.105.v201004211805,"org.eclipse.jst.ws.axis2.consumption.core",1295903073659
stopped,bundle,org.eclipse.jst.ws.cxf.creation.ui,1.0.0.v201003311345,"org.eclipse.jst.ws.cxf.creation.ui",1295903073659
stopped,bundle,org.eclipse.jst.ws.creation.ui,1.0.508.v201006011553,"org.eclipse.jst.ws.creation.ui",1295903073659
stopped,bundle,org.eclipse.jst.ws.cxf.consumption.ui,1.0.0.v201003222311,"org.eclipse.jst.ws.cxf.consumption.ui",1295903073660
stopped,bundle,org.eclipse.jst.ws.consumption.ui,1.1.204.v201006011553,"org.eclipse.jst.ws.consumption.ui",1295903073661
stopped,bundle,org.eclipse.jst.j2ee.webservice.ui,1.1.400.v201004110600,"org.eclipse.jst.j2ee.webservice.ui",1295903073661
stopped,bundle,org.eclipse.jst.servlet.ui,1.1.400.v201005272100,"org.eclipse.jst.servlet.ui",1295903073661
stopped,bundle,org.eclipse.jst.ws.jaxws.dom.integration,1.0.0.v201004171919,"org.eclipse.jst.ws.jaxws.dom.integration",1295903073661
stopped,bundle,org.eclipse.jst.jee.ui,1.0.300.v201005191301,"org.eclipse.jst.jee.ui",1295903073661
stopped,bundle,org.eclipse.jst.j2ee.navigator.ui,1.1.400.v201004280900,"org.eclipse.jst.j2ee.navigator.ui",1295903073661
stopped,bundle,org.eclipse.jst.j2ee.jca.ui,1.1.400.v201004150700,"org.eclipse.jst.j2ee.jca.ui",1295903073661
stopped,bundle,org.eclipse.jst.j2ee.ui,1.1.400.v201006030400,"org.eclipse.jst.j2ee.ui",1295903073661
stopped,bundle,org.eclipse.jst.jsf.facelet.ui,1.0.0.v20100602,"org.eclipse.jst.jsf.facelet.ui",1295903073662
stopped,bundle,org.eclipse.jst.jsf.ui,1.3.0.v20100525,"org.eclipse.jst.jsf.ui",1295903073662
stopped,bundle,org.eclipse.jst.ws.jaxrs.ui,1.0.0.v201005191955,"org.eclipse.jst.ws.jaxrs.ui",1295903073663
stopped,bundle,org.eclipse.jst.common.project.facet.ui,1.4.100.v201005171604,"org.eclipse.jst.common.project.facet.ui",1295903073664
stopped,bundle,org.eclipse.jst.common.ui,1.0.0.v201005270700,"org.eclipse.jst.common.ui",1295903073664
stopped,bundle,org.eclipse.jst.j2ee.ejb.annotations.emitter,1.1.200.v200909290826,"org.eclipse.jst.j2ee.ejb.annotations.emitter",1295903073664
stopped,bundle,org.eclipse.jst.jsf.apache.trinidad.tagsupport,1.1.100.v201003141853,"org.eclipse.jst.jsf.apache.trinidad.tagsupport",1295903073665
stopped,bundle,org.eclipse.jst.jsf.facesconfig.ui,1.2.0.v20100421,"org.eclipse.jst.jsf.facesconfig.ui",1295903073666
stopped,bundle,org.eclipse.jst.pagedesigner.jsf.ui,1.2.0.v20100414,"org.eclipse.jst.pagedesigner.jsf.ui",1295903073666
stopped,bundle,org.eclipse.jst.pagedesigner,1.3.0.v20100510,"org.eclipse.jst.pagedesigner",1295903073667
stopped,bundle,org.eclipse.jst.jsf.common.ui,1.2.0.v20100329,"org.eclipse.jst.jsf.common.ui",1295903073668
stopped,bundle,org.eclipse.jst.jsf.facelet.core,1.0.0.v20100604,"org.eclipse.jst.jsf.facelet.core",1295903073668
stopped,bundle,org.eclipse.jst.jsf.core,1.3.0.v20100602,"org.eclipse.jst.jsf.core",1295903073669
stopped,bundle,org.eclipse.jst.jsf.standard.tagsupport,1.2.0.v20100526,"org.eclipse.jst.jsf.standard.tagsupport",1295903073670
stopped,bundle,org.eclipse.jst.pagedesigner.jsp.core,1.2.0.v20100308,"org.eclipse.jst.pagedesigner.jsp.core",1295903073670
stopped,bundle,org.eclipse.jst.jsf.common,1.2.0.v20100604,"org.eclipse.jst.jsf.common",1295903073672
stopped,bundle,org.eclipse.wst.jsdt.web.support.jsp,1.0.300.v201005200151,"org.eclipse.wst.jsdt.web.support.jsp",1295903073672
stopped,bundle,org.eclipse.jst.jsp.ui,1.1.500.v201006030742,"org.eclipse.jst.jsp.ui",1295903073673
stopped,bundle,org.eclipse.jst.ws.cxf.consumption.core,1.0.0.v201003222311,"org.eclipse.jst.ws.cxf.consumption.core",1295903073673
stopped,bundle,org.eclipse.jst.ws.cxf.creation.core,1.0.0.v201003311345,"org.eclipse.jst.ws.cxf.creation.core",1295903073674
stopped,bundle,org.eclipse.jst.ws.cxf.ui,1.0.0.v201004171919,"org.eclipse.jst.ws.cxf.ui",1295903073674
stopped,bundle,org.eclipse.jst.ws.cxf.core,1.0.0.v201003311345,"org.eclipse.jst.ws.cxf.core",1295903073675
stopped,bundle,org.eclipse.jst.ws.jaxws.ui,1.0.0.v201004262257,"org.eclipse.jst.ws.jaxws.ui",1295903073676
stopped,bundle,org.eclipse.jst.ws.jaxws.core,1.0.0.v201004171919,"org.eclipse.jst.ws.jaxws.core",1295903073676
stopped,bundle,org.eclipse.jst.ws.annotations.core,1.0.0.v201004262257,"org.eclipse.jst.ws.annotations.core",1295903073677
stopped,bundle,org.eclipse.jst.ws.axis2.ui,1.0.303.v201003110431,"org.eclipse.jst.ws.axis2.ui",1295903073677
stopped,bundle,org.eclipse.jst.ws.uddiregistry,1.0.500.v201004211805,"org.eclipse.jst.ws.uddiregistry",1295903073678
stopped,bundle,org.eclipse.jst.ws.ui,1.0.403.v201004211805,"org.eclipse.jst.ws.ui",1295903073678
stopped,bundle,org.eclipse.jdt.ui,3.6.0.v20100602-1600,"org.eclipse.jdt.ui",1295903073678
stopped,bundle,org.eclipse.rse.importexport,1.2.100.v201003010830,"org.eclipse.rse.importexport",1295903073681
stopped,bundle,org.eclipse.rse.subsystems.shells.telnet,1.2.0.v200905272300,"org.eclipse.rse.subsystems.shells.telnet",1295903073681
stopped,bundle,org.eclipse.rse.useractions,1.1.100.v200905272300,"org.eclipse.rse.useractions",1295903073682
stopped,bundle,org.eclipse.rse.shells.ui,3.0.200.v201006041352,"org.eclipse.rse.shells.ui",1295903073682
stopped,bundle,org.eclipse.rse.files.ui,3.1.100.v201005221100,"org.eclipse.rse.files.ui",1295903073684
stopped,bundle,org.eclipse.rse.processes.ui,3.0.200.v201003010830,"org.eclipse.rse.processes.ui",1295903073685
stopped,bundle,org.eclipse.wst.dtd.ui,1.0.500.v201004290328,"org.eclipse.wst.dtd.ui",1295903073686
stopped,bundle,org.eclipse.wst.wsdl.ui,1.2.302.v201005180400,"org.eclipse.wst.wsdl.ui",1295903073688
stopped,bundle,org.eclipse.wst.wsi.ui,1.0.501.v201004201506,"org.eclipse.wst.wsi.ui",1295903073688
stopped,bundle,org.eclipse.wst.jsdt.web.ui,1.0.300.v201006030742,"org.eclipse.wst.jsdt.web.ui",1295903073688
stopped,bundle,org.eclipse.wst.web.ui,1.1.400.v201004141630,"org.eclipse.wst.web.ui",1295903073689
stopped,bundle,org.eclipse.wst.html.ui,1.0.500.v201006030742,"org.eclipse.wst.html.ui",1295903073690
stopped,bundle,org.eclipse.wst.css.ui,1.0.500.v201004290328,"org.eclipse.wst.css.ui",1295903073690
stopped,bundle,org.eclipse.wst.xsl.exslt.ui,1.0.0.v201006012005,"org.eclipse.wst.xsl.exslt.ui",1295903073691
stopped,bundle,org.eclipse.wst.xsl.ui,1.1.0.v201004290328,"org.eclipse.wst.xsl.ui",1295903073691
stopped,bundle,org.eclipse.wst.xml.xpath.ui,1.1.0.v201004290328,"org.eclipse.wst.xml.xpath.ui",1295903073692
stopped,bundle,org.eclipse.wst.xsd.ui,1.2.303.v201004290328,"org.eclipse.wst.xsd.ui",1295903073694
stopped,bundle,org.eclipse.wst.xsl.debug.ui,1.0.100.v201004290328,"org.eclipse.wst.xsl.debug.ui",1295903073695
stopped,bundle,org.eclipse.wst.xml.ui,1.1.100.v201006030742,"org.eclipse.wst.xml.ui",1295903073696
stopped,bundle,org.eclipse.wst.common.ui,1.1.500.v200911190730,"org.eclipse.wst.common.ui",1295903073696
stopped,bundle,org.eclipse.wst.jsdt.debug.ui,1.0.0.v201005250108,"org.eclipse.wst.jsdt.debug.ui",1295903073696
stopped,bundle,org.eclipse.wst.jsdt.support.firefox,1.0.300.v201004150600,"org.eclipse.wst.jsdt.support.firefox",1295903073697
stopped,bundle,org.eclipse.wst.jsdt.ui,1.1.0.v201005200157,"org.eclipse.wst.jsdt.ui",1295903073697
stopped,bundle,org.eclipse.wst.sse.ui,1.2.0.v201006030742,"org.eclipse.wst.sse.ui",1295903073698
stopped,bundle,org.eclipse.search,3.6.0.v20100520-0800,"org.eclipse.search",1295903073698
stopped,bundle,org.eclipse.datatools.enablement.sybase.asa.ui,1.0.1.v200906111150,"org.eclipse.datatools.enablement.sybase.asa.ui",1295903073698
stopped,bundle,org.eclipse.datatools.enablement.sybase.ase.ui,1.0.1.v200906020900,"org.eclipse.datatools.enablement.sybase.ase.ui",1295903073699
stopped,bundle,org.eclipse.datatools.sqltools.ddlgen.ui,1.0.1.v201002270530,"org.eclipse.datatools.sqltools.ddlgen.ui",1295903073699
stopped,bundle,org.eclipse.datatools.connectivity.ui.dse,1.1.4.v201004270430,"org.eclipse.datatools.connectivity.ui.dse",1295903073700
stopped,bundle,org.eclipse.mylyn.team.ui,3.4.0.v20100608-0100-e3x,"org.eclipse.mylyn.team.ui",1295903073700
stopped,bundle,org.eclipse.ui.navigator.resources,3.4.200.I20100601-0800,"org.eclipse.ui.navigator.resources",1295903073700
stopped,bundle,org.eclipse.ltk.ui.refactoring,3.5.0.v20100526-0800,"org.eclipse.ltk.ui.refactoring",1295903073700
stopped,bundle,org.eclipse.mylyn.bugzilla.ui,3.4.0.v20100608-0100-e3x,"org.eclipse.mylyn.bugzilla.ui",1295903073700
stopped,bundle,org.eclipse.mylyn.ide.ui,3.4.0.v20100608-0100-e3x,"org.eclipse.mylyn.ide.ui",1295903073700
stopped,bundle,org.eclipse.mylyn.resources.ui,3.4.0.v20100608-0100-e3x,"org.eclipse.mylyn.resources.ui",1295903073700
stopped,bundle,org.eclipse.mylyn.wikitext.tasks.ui,1.3.0.v20100608-0100-e3x,"org.eclipse.mylyn.wikitext.tasks.ui",1295903073701
stopped,bundle,org.eclipse.mylyn.context.ui,3.4.0.v20100608-0100-e3x,"org.eclipse.mylyn.context.ui",1295903073701
stopped,bundle,org.eclipse.mylyn.help.ui,3.4.0.v20100608-0100-e3x,"org.eclipse.mylyn.help.ui",1295903073701
stopped,bundle,org.eclipse.mylyn.tasks.bugs,3.4.0.v20100608-0100-e3x,"org.eclipse.mylyn.tasks.bugs",1295903073702
stopped,bundle,org.eclipse.mylyn.tasks.ui,3.4.0.v20100608-0100-e3x,"org.eclipse.mylyn.tasks.ui",1295903073752
stopped,bundle,org.eclipse.team.cvs.ui,3.3.300.I20100526-0800,"org.eclipse.team.cvs.ui",1295903073753
stopped,bundle,org.eclipse.team.ui,3.5.100.I20100527-0800,"org.eclipse.team.ui",1295903073753
stopped,bundle,org.eclipse.compare,3.5.100.I20100526-0800,"org.eclipse.compare",1295903073754
stopped,bundle,org.eclipse.datatools.enablement.ingres.ui,1.0.0.v200906111150,"org.eclipse.datatools.enablement.ingres.ui",1295903073755
stopped,bundle,org.eclipse.datatools.sqltools.db.derby.ui,1.0.0.v200906020900,"org.eclipse.datatools.sqltools.db.derby.ui",1295903073756
stopped,bundle,org.eclipse.datatools.sqltools.db.generic.ui,1.0.0.v200906020900,"org.eclipse.datatools.sqltools.db.generic.ui",1295903073756
stopped,bundle,org.eclipse.datatools.sqltools.routineeditor.ui,1.0.1.v201004060545,"org.eclipse.datatools.sqltools.routineeditor.ui",1295903073757
stopped,bundle,org.eclipse.datatools.sqltools.sqlbuilder,1.0.1.v201005260600,"org.eclipse.datatools.sqltools.sqlbuilder",1295903073758
stopped,bundle,org.eclipse.datatools.sqltools.debugger.core,1.0.1.v201005250945,"org.eclipse.datatools.sqltools.debugger.core",1295903073758
stopped,bundle,org.eclipse.datatools.sqltools.schemaobjecteditor.ui.pages,1.1.0.200810071,"org.eclipse.datatools.sqltools.schemaobjecteditor.ui.pages",1295903073759
stopped,bundle,org.eclipse.datatools.sqltools.schemaobjecteditor.ui,1.1.1.200810071,"org.eclipse.datatools.sqltools.schemaobjecteditor.ui",1295903073760
stopped,bundle,org.eclipse.datatools.sqltools.sqlscrapbook,1.0.1.v201005250945,"org.eclipse.datatools.sqltools.sqlscrapbook",1295903073760
stopped,bundle,org.eclipse.datatools.sqltools.sqleditor,1.0.1.v201005130745,"org.eclipse.datatools.sqltools.sqleditor",1295903073763
stopped,bundle,org.eclipse.datatools.sqltools.editor.core.ui,1.0.0.v201001150815,"org.eclipse.datatools.sqltools.editor.core.ui",1295903073764
stopped,bundle,org.eclipse.datatools.sqltools.plan,1.0.0.v200906022302,"org.eclipse.datatools.sqltools.plan",1295903073764
stopped,bundle,org.eclipse.datatools.sqltools.data.ui,1.2.0.v201005250945,"org.eclipse.datatools.sqltools.data.ui",1295903073765
stopped,bundle,org.eclipse.datatools.sqltools.tabledataeditor,1.0.1.v201005250945,"org.eclipse.datatools.sqltools.tabledataeditor",1295903073765
stopped,bundle,org.eclipse.datatools.sqltools.result.ui,1.1.0.v201005261700,"org.eclipse.datatools.sqltools.result.ui",1295903073765
stopped,bundle,org.eclipse.datatools.sqltools.common.ui,1.0.0.v200906022302,"org.eclipse.datatools.sqltools.common.ui",1295903073766
stopped,bundle,org.eclipse.ui.externaltools,3.2.0.v20100427,"org.eclipse.ui.externaltools",1295903073766
stopped,bundle,org.eclipse.wst.server.preview.adapter,1.1.0.v20090311b,"org.eclipse.wst.server.preview.adapter",1295903073767
stopped,bundle,org.eclipse.wst.server.http.ui,1.0.200.v20090113,"org.eclipse.wst.server.http.ui",1295903073767
stopped,bundle,org.eclipse.wst.server.ui,1.1.203.v20100601,"org.eclipse.wst.server.ui",1295903073768
stopped,bundle,org.eclipse.debug.ui,3.6.0.v20100601-1530,"org.eclipse.debug.ui",1295903073768
stopped,bundle,org.eclipse.mylyn.wikitext.ui,1.3.0.v20100608-0100-e3x,"org.eclipse.mylyn.wikitext.ui",1295903073768
stopped,bundle,org.eclipse.rse.subsystems.files.dstore,2.1.100.v200905272300,"org.eclipse.rse.subsystems.files.dstore",1295903073769
stopped,bundle,org.eclipse.rse.subsystems.processes.dstore,2.1.100.v200905272300,"org.eclipse.rse.subsystems.processes.dstore",1295903073769
stopped,bundle,org.eclipse.rse.subsystems.shells.dstore,2.1.200.v201005200200,"org.eclipse.rse.subsystems.shells.dstore",1295903073770
stopped,bundle,org.eclipse.rse.connectorservice.dstore,3.1.100.v201005281600,"org.eclipse.rse.connectorservice.dstore",1295903073770
stopped,bundle,org.eclipse.rse.subsystems.files.local,2.1.101.v200907301400,"org.eclipse.rse.subsystems.files.local",1295903073786
stopped,bundle,org.eclipse.rse.subsystems.processes.local,2.1.100.v200905272300,"org.eclipse.rse.subsystems.processes.local",1295903073786
stopped,bundle,org.eclipse.rse.subsystems.shells.local,2.1.100.v200905272300,"org.eclipse.rse.subsystems.shells.local",1295903073787
stopped,bundle,org.eclipse.rse.connectorservice.local,2.1.100.v200905272300,"org.eclipse.rse.connectorservice.local",1295903073787
